"","States.Code","States","Year","total_cancer_count","avg_pm25_pop_pred","avg_o3_pop_pred"
"1",1,"Alabama",2002,3627,11.8925534417554,40.7652826771434
"2",1,"Alabama",2003,3564,12.2718510186887,39.7322700633412
"3",1,"Alabama",2004,3804,12.341711453516,39.5885065518143
"4",1,"Alabama",2005,3766,13.0698763575235,41.4540038716745
"5",1,"Alabama",2006,3829,12.9576381841873,44.0034151708093
"6",1,"Alabama",2007,3867,13.496187961314,43.9783513315466
"7",1,"Alabama",2008,4130,11.5132791428273,40.5768698318637
"8",1,"Alabama",2009,4051,9.74779106663955,36.7572554652526
"9",1,"Alabama",2010,4037,10.6008218179978,41.1692010339592
"10",1,"Alabama",2011,4018,10.3435302089124,40.9236627261625
"11",4,"Arizona",2002,3252,7.71698920861882,48.1672895464512
"12",4,"Arizona",2003,3440,8.12143602746534,47.6223560774047
"13",4,"Arizona",2004,3455,7.00171767112667,45.7532593957025
"14",4,"Arizona",2005,3585,7.1055127008172,46.2811426721748
"15",4,"Arizona",2006,3533,6.87713947955663,47.0619958880158
"16",4,"Arizona",2007,3641,5.70183000774593,47.0835342872347
"17",4,"Arizona",2008,3646,6.54009284262262,47.6131983145705
"18",4,"Arizona",2009,3891,6.80684895092941,45.7703332852029
"19",4,"Arizona",2010,3695,6.03495076461275,46.3093187391875
"20",4,"Arizona",2011,3865,6.52443352517664,47.5462460254722
"21",5,"Arkansas",2002,2454,11.2198124335677,41.0962188148428
"22",5,"Arkansas",2003,2472,11.4548889431939,41.5241174392401
"23",5,"Arkansas",2004,2525,10.9948097338302,39.3286133189128
"24",5,"Arkansas",2005,2610,12.6505470503187,43.7390006803248
"25",5,"Arkansas",2006,2498,11.3872238636461,44.2664673702854
"26",5,"Arkansas",2007,2705,11.8111833144496,42.0229253397926
"27",5,"Arkansas",2008,2688,10.8784733738168,40.0669895031505
"28",5,"Arkansas",2009,2574,9.72694505468386,38.4739729210757
"29",5,"Arkansas",2010,2631,10.7239475719552,42.0017285069818
"30",5,"Arkansas",2011,2697,10.2689181919321,40.5669978293828
"31",6,"California",2002,17473,12.5655094028893,42.646065900872
"32",6,"California",2003,17397,11.3319706388066,41.7566640517944
"33",6,"California",2004,17438,10.6602357365047,40.8746013607436
"34",6,"California",2005,17563,10.2675371616289,39.7406482361289
"35",6,"California",2006,17606,10.5924293796639,41.8214518488355
"36",6,"California",2007,17458,9.26414911999616,41.0524484120326
"37",6,"California",2008,17335,11.1170989129099,42.4268088520831
"38",6,"California",2009,18063,9.31170070684268,39.6878297054978
"39",6,"California",2010,17333,7.77698890108985,39.2061391230836
"40",6,"California",2011,16737,8.46081444477107,39.8698360249762
"41",8,"Colorado",2002,2066,6.26327485980088,43.6736992021413
"42",8,"Colorado",2003,2041,6.22917494020424,44.2477018047353
"43",8,"Colorado",2004,2001,6.17559551399836,42.976505768667
"44",8,"Colorado",2005,1995,5.94889930487703,44.4074502905834
"45",8,"Colorado",2006,2032,6.00160008637119,45.2908934603454
"46",8,"Colorado",2007,2203,5.67348057810219,46.2917977072808
"47",8,"Colorado",2008,2284,5.73186597527677,46.8044996016083
"48",8,"Colorado",2009,2251,6.15472322844261,44.218976816599
"49",8,"Colorado",2010,2200,5.71261073155109,46.2883500916194
"50",8,"Colorado",2011,2221,5.56138882569883,47.5487816510204
"51",9,"Connecticut",2002,2627,12.0821760526387,41.4114812234945
"52",9,"Connecticut",2003,2666,11.7258209670695,39.1931335194674
"53",9,"Connecticut",2004,2580,11.2774025595424,37.4496886404012
"54",9,"Connecticut",2005,2621,11.6043037334798,40.5892514490975
"55",9,"Connecticut",2006,2715,10.4419042269572,39.5212602050021
"56",9,"Connecticut",2007,2693,10.5407645084461,40.4185902923831
"57",9,"Connecticut",2008,2713,9.99014278419891,39.1727883712132
"58",9,"Connecticut",2009,2669,8.58428128304353,36.4464598262123
"59",9,"Connecticut",2010,2659,8.02838158006836,39.582199955563
"60",9,"Connecticut",2011,2651,8.95757450152014,38.1693292484729
"61",10,"Delaware",2002,622,13.216133494004,42.9213798672385
"62",10,"Delaware",2003,738,13.5234513624905,40.7649010657351
"63",10,"Delaware",2004,732,13.0402508841748,39.9410274891792
"64",10,"Delaware",2005,783,13.3076999498461,41.3060647768525
"65",10,"Delaware",2006,814,12.968408307181,41.8890220264866
"66",10,"Delaware",2007,746,12.794287052288,42.4918052473766
"67",10,"Delaware",2008,773,12.2628329600128,41.7510873674586
"68",10,"Delaware",2009,747,10.0509044164698,39.0649418553374
"69",10,"Delaware",2010,741,9.92113409512556,43.7707338990335
"70",10,"Delaware",2011,820,9.33937039871282,41.0925006257297
"71",11,"District of Columbia",2002,378,14.9567632802427,39.9047391811747
"72",11,"District of Columbia",2003,377,14.3041450863836,34.8629351455132
"73",11,"District of Columbia",2004,341,14.7898686863956,35.3803999752246
"74",11,"District of Columbia",2005,349,14.8470720985025,36.8451765167952
"75",11,"District of Columbia",2006,352,13.6761924173976,39.1280241992186
"76",11,"District of Columbia",2007,328,13.6824036245114,40.5232133830027
"77",11,"District of Columbia",2008,328,12.2916621943509,38.156404553167
"78",11,"District of Columbia",2009,359,10.4768217871179,35.8872175133367
"79",11,"District of Columbia",2010,349,10.8560492400039,41.9427715242589
"80",11,"District of Columbia",2011,332,10.4318789893656,39.6549135625146
"81",12,"Florida",2002,16058,9.07103714193772,38.9562692334799
"82",12,"Florida",2003,16133,9.21916808682506,38.4206112568106
"83",12,"Florida",2004,16532,9.57338124692595,40.1433733921228
"84",12,"Florida",2005,16656,9.80617884652138,40.355055352748
"85",12,"Florida",2006,16461,9.46890201465765,42.9680747313193
"86",12,"Florida",2007,16401,9.55097494858927,41.5822372237974
"87",12,"Florida",2008,16798,8.19513095760589,39.0293219770757
"88",12,"Florida",2009,16853,7.62484360140525,37.4187792001912
"89",12,"Florida",2010,16831,8.11104324335214,39.5056596752901
"90",12,"Florida",2011,16591,7.88112070193071,39.3924444744675
"91",13,"Georgia",2002,5515,12.3323545477075,41.7434823239058
"92",13,"Georgia",2003,5542,12.0458185717334,39.9948443386547
"93",13,"Georgia",2004,5500,12.7685767844917,41.3121172065113
"94",13,"Georgia",2005,5651,13.305045147989,41.9738716839398
"95",13,"Georgia",2006,5877,12.8616434040524,44.6415075808127
"96",13,"Georgia",2007,6149,13.7234051871566,44.7819960184676
"97",13,"Georgia",2008,6239,11.6379537005023,42.3228781869974
"98",13,"Georgia",2009,6327,10.3257579419646,38.1808591814603
"99",13,"Georgia",2010,6084,11.1106415371439,41.9192520660803
"100",13,"Georgia",2011,6299,10.9130235495072,42.7464079353464
"101",16,"Idaho",2002,683,8.31175277798959,42.5499451483443
"102",16,"Idaho",2003,762,6.73508398803319,42.5439736117641
"103",16,"Idaho",2004,775,8.30272070706713,40.8921440248216
"104",16,"Idaho",2005,818,8.78380079052812,39.9633126945637
"105",16,"Idaho",2006,797,8.37864929916092,40.1505319289903
"106",16,"Idaho",2007,823,7.48296902171088,43.2352842100002
"107",16,"Idaho",2008,849,7.27543269135213,42.3005331903041
"108",16,"Idaho",2009,815,7.42146205959861,40.7792436715616
"109",16,"Idaho",2010,838,6.79431510236646,41.2143911519538
"110",16,"Idaho",2011,861,6.62555236280831,42.0013951395723
"111",17,"Illinois",2002,9041,13.2101156870876,39.5336236521869
"112",17,"Illinois",2003,9090,13.5632295269988,39.1945742835598
"113",17,"Illinois",2004,8881,11.8730173153495,36.7849149286976
"114",17,"Illinois",2005,9054,13.6122538909707,40.2027592371572
"115",17,"Illinois",2006,9281,12.1729012452804,37.5965395018256
"116",17,"Illinois",2007,9366,13.0224185780339,40.0596719258921
"117",17,"Illinois",2008,9401,11.7928950235705,37.3552827788397
"118",17,"Illinois",2009,9617,10.8013576341795,36.3967648422991
"119",17,"Illinois",2010,9301,11.3254784683666,39.6778051532588
"120",17,"Illinois",2011,9389,10.4856694453295,39.5490207931903
"121",18,"Indiana",2002,5078,14.9370500122154,41.8925176949216
"122",18,"Indiana",2003,5191,14.5743741245677,40.042709975428
"123",18,"Indiana",2004,5013,13.2843489721762,38.0680060099412
"124",18,"Indiana",2005,5170,15.2346664105092,40.8775581860689
"125",18,"Indiana",2006,5379,13.3544701534655,38.9291841661294
"126",18,"Indiana",2007,5338,14.1267869891897,41.6371576623774
"127",18,"Indiana",2008,5444,12.4468867071103,39.1186902950292
"128",18,"Indiana",2009,5396,11.6469321082019,36.7675467868422
"129",18,"Indiana",2010,5313,12.2421770960585,39.7481160106993
"130",18,"Indiana",2011,5425,11.0050734206592,39.0581550961891
"131",19,"Iowa",2002,2228,10.1830558264075,37.7411657824418
"132",19,"Iowa",2003,2346,10.9950087816312,37.8455540303568
"133",19,"Iowa",2004,2284,9.86365186636552,35.7866520071019
"134",19,"Iowa",2005,2421,11.0457492301167,38.3314198773235
"135",19,"Iowa",2006,2387,9.79882155795179,37.5262614635662
"136",19,"Iowa",2007,2416,11.1266675882323,37.6987457550307
"137",19,"Iowa",2008,2443,10.1714267000218,36.2823415276755
"138",19,"Iowa",2009,2473,9.74131866502279,35.5607673797699
"139",19,"Iowa",2010,2404,10.0368225782594,37.7260819803981
"140",19,"Iowa",2011,2367,9.47756914586436,38.0239735565889
"141",20,"Kansas",2002,1728,9.45979524384603,39.7595549317427
"142",20,"Kansas",2003,1833,9.89988370904262,40.0351336376676
"143",20,"Kansas",2004,1782,9.47544957756206,39.8270967683744
"144",20,"Kansas",2005,1908,10.0771581140008,42.3726832477656
"145",20,"Kansas",2006,1894,9.03674864829711,43.3386250505942
"146",20,"Kansas",2007,1929,9.90070425893983,40.738207403819
"147",20,"Kansas",2008,1927,8.91639868917841,40.1854566070353
"148",20,"Kansas",2009,1941,8.4584460678992,39.6124771798605
"149",20,"Kansas",2010,1865,8.31889873376009,41.6182864840729
"150",20,"Kansas",2011,1920,8.48878021097397,44.0902017991381
"151",21,"Kentucky",2002,4302,13.2063315080648,41.8701028897681
"152",21,"Kentucky",2003,4297,12.9191351136997,40.5395595580999
"153",21,"Kentucky",2004,4466,12.396262772748,38.6873199533115
"154",21,"Kentucky",2005,4461,13.7987540629261,41.9935814565177
"155",21,"Kentucky",2006,4592,12.8415136478832,41.0463793349995
"156",21,"Kentucky",2007,4612,13.6655241802171,44.6028884923415
"157",21,"Kentucky",2008,4803,11.8345071846325,42.1832594174157
"158",21,"Kentucky",2009,4752,10.6680586403108,38.1256810082446
"159",21,"Kentucky",2010,4914,11.5236483737936,42.6721920875825
"160",21,"Kentucky",2011,4754,10.160121363416,41.6279437656438
"161",22,"Louisiana",2002,3315,10.0177268371645,39.6238612938155
"162",22,"Louisiana",2003,3511,10.9623663574253,41.6590272537284
"163",22,"Louisiana",2004,3582,10.6697850673019,40.5740363017213
"164",22,"Louisiana",2005,3417,11.5687805890357,44.4351532272809
"165",22,"Louisiana",2006,3419,11.4482499659251,44.2427981529562
"166",22,"Louisiana",2007,3451,10.894259084671,40.9988541988279
"167",22,"Louisiana",2008,3514,10.1429859200655,39.1450615078886
"168",22,"Louisiana",2009,3485,8.87557258393254,38.0635829999685
"169",22,"Louisiana",2010,3504,9.58873496912769,41.932485262404
"170",22,"Louisiana",2011,3442,9.29169353071103,41.3360261679843
"171",23,"Maine",2002,1184,8.82682074088888,37.1430920862318
"172",23,"Maine",2003,1224,8.02442586357886,37.0017103019699
"173",23,"Maine",2004,1272,8.39881903478753,35.3368046948535
"174",23,"Maine",2005,1265,8.67620957833343,35.2867193463681
"175",23,"Maine",2006,1279,8.17318942260972,34.7676437705264
"176",23,"Maine",2007,1290,7.72150780718175,36.2550536782476
"177",23,"Maine",2008,1283,7.57067613392535,35.943841022139
"178",23,"Maine",2009,1345,7.20090123374571,34.3014581659018
"179",23,"Maine",2010,1296,6.47084018443167,35.4012975109749
"180",23,"Maine",2011,1232,7.25226179022146,35.1119628570896
"181",24,"Maryland",2002,3613,13.3372228459338,43.3460027605229
"182",24,"Maryland",2003,3836,13.3103795815582,40.3013319269786
"183",24,"Maryland",2004,3729,13.408236777987,39.7687858540883
"184",24,"Maryland",2005,3758,13.5725491631224,40.9747728173418
"185",24,"Maryland",2006,3785,12.7885977700587,41.7744650645676
"186",24,"Maryland",2007,3786,12.7526443490482,42.7879155210191
"187",24,"Maryland",2008,3862,11.8954304038252,41.0783440537709
"188",24,"Maryland",2009,3709,9.95994013259213,38.8448148017095
"189",24,"Maryland",2010,3672,10.118232957149,44.0682395678288
"190",24,"Maryland",2011,3723,9.43213015902117,41.7295198402626
"191",25,"Massachusetts",2002,4936,10.9285971697737,40.6026840170274
"192",25,"Massachusetts",2003,4873,10.8466294696284,39.6779333262415
"193",25,"Massachusetts",2004,4959,10.4123018387072,38.0318449396904
"194",25,"Massachusetts",2005,5185,10.9159931382019,40.0559711134884
"195",25,"Massachusetts",2006,5073,9.79023764061684,38.6157507783804
"196",25,"Massachusetts",2007,5070,9.90066643340163,39.344254539103
"197",25,"Massachusetts",2008,5183,9.2874489354029,39.1345020997749
"198",25,"Massachusetts",2009,5198,8.41791322846058,36.848998234842
"199",25,"Massachusetts",2010,4961,7.9783134447965,39.013403313333
"200",25,"Massachusetts",2011,5032,8.60328123266458,37.8606994839973
"201",26,"Michigan",2002,7401,10.4598820189049,38.8722081126928
"202",26,"Michigan",2003,7989,10.1042498203281,38.8646197121801
"203",26,"Michigan",2004,7678,9.69152547234884,36.6697020907101
"204",26,"Michigan",2005,7875,10.7683295751838,39.3080981688329
"205",26,"Michigan",2006,7887,9.76730453602712,36.9723197191972
"206",26,"Michigan",2007,8146,9.76680751048059,38.820924080088
"207",26,"Michigan",2008,7863,9.39076678684519,37.3501031387763
"208",26,"Michigan",2009,7783,8.75230573141268,35.2425987524197
"209",26,"Michigan",2010,8097,8.21331645872661,38.4143112634307
"210",26,"Michigan",2011,7961,8.46133774589516,37.9322779627393
"211",27,"Minnesota",2002,2821,8.73367986462585,36.2854339103546
"212",27,"Minnesota",2003,2924,9.36834518685807,37.9573919305116
"213",27,"Minnesota",2004,2910,9.07655387713279,35.1582238081039
"214",27,"Minnesota",2005,2921,9.67778990521767,37.5288767461706
"215",27,"Minnesota",2006,2902,8.88648358667582,36.9139410287765
"216",27,"Minnesota",2007,3059,9.35335938556351,36.6155880358937
"217",27,"Minnesota",2008,3076,9.15397012524535,36.1398180165713
"218",27,"Minnesota",2009,3183,9.02422508346544,34.9102094787756
"219",27,"Minnesota",2010,3223,8.65610907358627,36.8168716683948
"220",27,"Minnesota",2011,3141,8.54946837682319,36.6992888427195
"221",28,"Mississippi",2003,2314,11.4502426885833,41.2732176247451
"222",28,"Mississippi",2004,2336,11.0652974399265,39.910739213169
"223",28,"Mississippi",2005,2272,12.1068553421799,43.3899493330163
"224",28,"Mississippi",2006,2361,11.5800310161726,44.4618818742992
"225",28,"Mississippi",2007,2522,11.5689912194548,42.0260927042874
"226",28,"Mississippi",2008,2612,10.5998722345595,39.6105945652053
"227",28,"Mississippi",2009,2495,9.1353999491686,37.4559018963514
"228",28,"Mississippi",2010,2472,9.89168676059234,40.9169990034772
"229",28,"Mississippi",2011,2452,9.51986190746362,40.8908764258515
"230",29,"Missouri",2002,4871,11.5566328091371,41.3887627126071
"231",29,"Missouri",2003,5071,11.4658005435751,41.491692824585
"232",29,"Missouri",2004,4982,10.4411247149723,38.3562406635266
"233",29,"Missouri",2005,5253,12.2305433017109,42.0851962073552
"234",29,"Missouri",2006,5231,10.6239932995143,41.882282246833
"235",29,"Missouri",2007,5092,11.4313090794735,41.6524174766026
"236",29,"Missouri",2008,5162,10.4705830478222,39.1045163481722
"237",29,"Missouri",2009,5378,9.60684263149624,38.1335502946903
"238",29,"Missouri",2010,5215,10.1475791018175,40.5699558607762
"239",29,"Missouri",2011,5313,9.78908812039302,41.2309419662365
"240",30,"Montana",2002,668,6.52242915103192,38.8352456221215
"241",30,"Montana",2003,676,7.5019134494985,39.8774324948635
"242",30,"Montana",2004,655,6.63060725887586,37.9043433763823
"243",30,"Montana",2005,745,6.81324733385626,38.8433915455124
"244",30,"Montana",2006,718,7.0803432350711,39.7983163918792
"245",30,"Montana",2007,749,6.84049618099634,40.4827723033244
"246",30,"Montana",2008,710,6.19505837788953,40.23891853348
"247",30,"Montana",2009,724,6.8203395568147,38.656609338566
"248",30,"Montana",2010,695,6.48231445353629,38.3728508383148
"249",30,"Montana",2011,742,5.9542943928066,39.7791581947749
"250",31,"Nebraska",2002,1134,7.90789059064694,39.4525830226329
"251",31,"Nebraska",2003,1173,8.64864859181323,39.2866250862345
"252",31,"Nebraska",2004,1240,8.3004069658857,38.7378310005937
"253",31,"Nebraska",2005,1199,8.54048763446372,40.4874242996919
"254",31,"Nebraska",2006,1203,8.00242981018201,40.5572761593457
"255",31,"Nebraska",2007,1291,8.46392786023906,39.3470260937949
"256",31,"Nebraska",2008,1214,8.02326135207132,38.4934705448208
"257",31,"Nebraska",2009,1155,8.01891175361142,36.6301963469034
"258",31,"Nebraska",2010,1227,7.87451078263454,38.6291273882054
"259",31,"Nebraska",2011,1177,7.70754871184955,39.7971047571923
"260",32,"Nevada",2002,1640,7.78887564450393,45.2063576571566
"261",32,"Nevada",2003,1681,7.05126295326215,44.6015914316893
"262",32,"Nevada",2004,1727,7.28046388930671,43.9589406577011
"263",32,"Nevada",2005,1636,7.33084831368533,43.6599895134827
"264",32,"Nevada",2006,1787,6.98974722222368,45.1793936075276
"265",32,"Nevada",2007,1742,5.53525139754029,44.9879068689044
"266",32,"Nevada",2008,1807,7.01708124396934,44.3853201304704
"267",32,"Nevada",2009,1729,6.6555713193488,43.0024689227577
"268",32,"Nevada",2010,1677,5.73581127580009,43.9477508769502
"269",32,"Nevada",2011,1752,6.27657045058402,43.9171673527564
"270",33,"New Hampshire",2002,891,9.62642095674508,38.9265011372275
"271",33,"New Hampshire",2003,913,8.47290866860204,38.6663848171532
"272",33,"New Hampshire",2004,987,9.02451860794959,37.1977341484376
"273",33,"New Hampshire",2005,1034,9.57874016936562,37.8721445647338
"274",33,"New Hampshire",2006,983,8.56756582721404,35.9589441667466
"275",33,"New Hampshire",2007,1000,8.70741659475663,38.0908361974771
"276",33,"New Hampshire",2008,1034,8.38848657860292,37.2639287572354
"277",33,"New Hampshire",2009,1038,7.75957438789803,35.4320963295048
"278",33,"New Hampshire",2010,1081,7.2948474651831,38.110765013776
"279",33,"New Hampshire",2011,1098,7.85352284205562,36.6583259953198
"280",34,"New Jersey",2002,6074,12.8626802531724,41.5084430435262
"281",34,"New Jersey",2003,6011,13.2145633254981,38.3839447099001
"282",34,"New Jersey",2004,5786,12.3566195604858,37.3466960263261
"283",34,"New Jersey",2005,6127,12.8325275584603,39.3539742607102
"284",34,"New Jersey",2006,6141,12.0073415120683,39.3571246364861
"285",34,"New Jersey",2007,6162,12.1561099568036,39.4384547068015
"286",34,"New Jersey",2008,6168,11.3466311270355,38.8141150046132
"287",34,"New Jersey",2009,6043,9.5242221515408,36.2078269571971
"288",34,"New Jersey",2010,5800,9.23147427117616,40.9953119003041
"289",34,"New Jersey",2011,6015,9.76853079659024,38.5324106148352
"290",35,"New Mexico",2002,904,6.33168090701887,45.5447183203272
"291",35,"New Mexico",2003,855,6.70172876532625,46.4010956189908
"292",35,"New Mexico",2004,903,6.25259009582793,44.4428015791552
"293",35,"New Mexico",2005,957,6.09351563891586,45.1464549716607
"294",35,"New Mexico",2006,940,6.14023971737163,45.5345570506072
"295",35,"New Mexico",2007,983,5.48913326841114,45.7630198984619
"296",35,"New Mexico",2008,970,5.80721086638166,45.2993964957066
"297",35,"New Mexico",2009,966,6.36574417455442,43.4333267838149
"298",35,"New Mexico",2010,964,5.63041015160195,44.6832042726083
"299",35,"New Mexico",2011,981,6.48021067294524,46.6829362767577
"300",36,"New York",2002,13025,11.4550895680648,40.489824733945
"301",36,"New York",2003,13015,11.2061510013602,38.7320092431364
"302",36,"New York",2004,13125,10.4799202032024,36.5634033903888
"303",36,"New York",2005,13190,11.5532955019497,39.0737771178438
"304",36,"New York",2006,13350,9.74431678310897,37.2229541136642
"305",36,"New York",2007,13543,10.1361352344608,38.829563058457
"306",36,"New York",2008,13752,9.55645402225215,37.8406202425261
"307",36,"New York",2009,13709,8.36201762509561,36.2316872150855
"308",36,"New York",2010,13495,8.14673292018504,38.7767991575029
"309",36,"New York",2011,13822,8.548690419809,37.0624129624098
"310",37,"North Carolina",2002,5999,12.0447854928269,45.4233894486927
"311",37,"North Carolina",2003,6244,11.9400298771271,42.8055171959464
"312",37,"North Carolina",2004,6610,12.1423642048817,41.3502244372387
"313",37,"North Carolina",2005,6980,12.2975516487777,43.8854764118073
"314",37,"North Carolina",2006,7098,12.2497439903402,44.3230195632886
"315",37,"North Carolina",2007,7205,12.2963681062908,46.2620630053303
"316",37,"North Carolina",2008,7322,11.1824733363774,43.8882965611263
"317",37,"North Carolina",2009,7522,9.17155991740126,39.5631659192612
"318",37,"North Carolina",2010,7557,9.92630274322743,43.9825583792353
"319",37,"North Carolina",2011,7512,9.44045988221303,43.3827339632964
"320",38,"North Dakota",2002,420,6.94959058899975,36.6804591955945
"321",38,"North Dakota",2003,446,7.25950647448645,37.8394360248734
"322",38,"North Dakota",2004,421,7.49298869117016,34.958650016128
"323",38,"North Dakota",2005,458,7.22350820689358,36.3950282555808
"324",38,"North Dakota",2006,404,7.28774500414959,37.4668260871951
"325",38,"North Dakota",2007,408,7.19980597507469,36.0573286869876
"326",38,"North Dakota",2008,402,7.3668242861057,37.0182218583765
"327",38,"North Dakota",2009,420,7.70516463488976,35.1950579160721
"328",38,"North Dakota",2010,440,7.42264190665221,36.850917086823
"329",38,"North Dakota",2011,483,6.91465725281136,37.0662003030305
"330",39,"Ohio",2002,9232,15.12106443276,42.4431860891133
"331",39,"Ohio",2003,9180,13.6028758830405,39.8546593391089
"332",39,"Ohio",2004,9457,13.7308987861358,38.0987414750801
"333",39,"Ohio",2005,9559,14.9361683909653,40.7086324031983
"334",39,"Ohio",2006,9655,13.309358418285,39.5712245124689
"335",39,"Ohio",2007,9569,14.3032321947432,41.5228931126515
"336",39,"Ohio",2008,9756,12.5369035062911,40.4564800503867
"337",39,"Ohio",2009,10002,11.7561362657499,38.1568584084414
"338",39,"Ohio",2010,9767,12.1337961671787,41.16586084505
"339",39,"Ohio",2011,9827,11.1047125248978,39.7364061939055
"340",40,"Oklahoma",2002,3132,9.82016304821708,42.4611748756679
"341",40,"Oklahoma",2003,3054,9.80114895902543,43.8338812241539
"342",40,"Oklahoma",2004,3057,9.52557941771054,40.9595053545733
"343",40,"Oklahoma",2005,3123,10.3102211360381,44.1413455894062
"344",40,"Oklahoma",2006,3196,9.26176311581392,45.8271844596037
"345",40,"Oklahoma",2007,3225,10.343151037953,41.5420215230049
"346",40,"Oklahoma",2008,3271,9.48792997454905,42.5013318887077
"347",40,"Oklahoma",2009,3019,8.88506919984085,41.2846959458005
"348",40,"Oklahoma",2010,2946,8.8903329478976,41.981510747658
"349",40,"Oklahoma",2011,3084,9.27597069035175,46.7228386289668
"350",41,"Oregon",2002,2584,8.56308953603339,35.987072328506
"351",41,"Oregon",2003,2542,8.13918329548001,37.8607302224759
"352",41,"Oregon",2004,2639,8.8091163472544,35.52780618036
"353",41,"Oregon",2005,2717,8.83333419562503,35.5523402095324
"354",41,"Oregon",2006,2689,8.1022120448909,37.6831940265573
"355",41,"Oregon",2007,2645,7.34824388033781,36.1826223081374
"356",41,"Oregon",2008,2767,7.41165809336542,35.9309064045682
"357",41,"Oregon",2009,2740,7.75519307209002,35.681669062694
"358",41,"Oregon",2010,2618,5.92387132360498,35.0475363568187
"359",41,"Oregon",2011,2791,7.06034557889455,35.0862694979777
"360",42,"Pennsylvania",2002,10479,13.4332118779527,42.0363570980455
"361",42,"Pennsylvania",2003,10411,13.0550786599784,38.8674697808955
"362",42,"Pennsylvania",2004,10332,12.9753445798169,38.1739447370084
"363",42,"Pennsylvania",2005,10696,13.5645038130429,40.8437631213175
"364",42,"Pennsylvania",2006,10645,12.0238945747892,38.9956342860584
"365",42,"Pennsylvania",2007,10854,12.6450518161324,40.6128212091622
"366",42,"Pennsylvania",2008,10759,11.5176689422111,39.3820566366259
"367",42,"Pennsylvania",2009,10839,9.98285664547157,37.1474370367823
"368",42,"Pennsylvania",2010,10659,9.80924713143994,41.6083864916528
"369",42,"Pennsylvania",2011,10768,9.84220229222443,38.701222507423
"370",44,"Rhode Island",2002,906,10.4270401253438,41.1536400141871
"371",44,"Rhode Island",2003,878,10.9394995053984,40.1056128622953
"372",44,"Rhode Island",2004,905,10.134836734392,38.6483174883357
"373",44,"Rhode Island",2005,873,10.2423541730629,40.0245425174484
"374",44,"Rhode Island",2006,857,9.56652128929802,39.5464418455936
"375",44,"Rhode Island",2007,936,9.31868634816179,40.3082400788967
"376",44,"Rhode Island",2008,942,9.24278196275508,40.0106506917476
"377",44,"Rhode Island",2009,922,8.22582372015437,37.0755642035918
"378",44,"Rhode Island",2010,854,7.77959368770828,39.5714291668639
"379",44,"Rhode Island",2011,851,8.41004418297365,39.2299142092766
"380",45,"South Carolina",2002,3163,12.1805611191619,43.3038736505893
"381",45,"South Carolina",2003,3266,12.4148876735038,40.2376017443423
"382",45,"South Carolina",2004,3207,12.7374847300634,40.99099107662
"383",45,"South Carolina",2005,3456,13.1966712707502,42.1015321960047
"384",45,"South Carolina",2006,3478,12.8523153723033,43.8097733089912
"385",45,"South Carolina",2007,3608,12.8428016882123,44.8150942263937
"386",45,"South Carolina",2008,3596,11.4655234574896,42.7061396102005
"387",45,"South Carolina",2009,3750,9.78612029192633,37.7238027899283
"388",45,"South Carolina",2010,3707,10.5397436712477,41.6862803294316
"389",45,"South Carolina",2011,3726,10.3053387187412,42.1610809551175
"390",46,"South Dakota",2002,516,7.17541780462577,39.3288643521475
"391",46,"South Dakota",2003,519,8.0292870300396,39.5346049850649
"392",46,"South Dakota",2004,523,7.96169228913252,37.6129350704007
"393",46,"South Dakota",2005,527,7.8375435046299,39.5547425293062
"394",46,"South Dakota",2006,546,7.7179744833355,39.4592314714975
"395",46,"South Dakota",2007,559,7.85246395409241,38.1909189568571
"396",46,"South Dakota",2008,556,7.5986643774793,38.0417363183987
"397",46,"South Dakota",2009,546,7.83095896610939,35.9542194192985
"398",46,"South Dakota",2010,583,7.60806604231531,37.8047401469051
"399",46,"South Dakota",2011,557,7.12322494391992,38.4819399364338
"400",47,"Tennessee",2002,4309,12.4808369174475,44.0681682153363
"401",47,"Tennessee",2003,4710,12.6544603994609,43.0444457293638
"402",47,"Tennessee",2004,5161,12.1251902856588,41.4865851481235
"403",47,"Tennessee",2005,5315,13.220166467495,44.4200211247996
"404",47,"Tennessee",2006,5410,12.7078756941989,44.4980992358824
"405",47,"Tennessee",2007,5296,13.2746908272903,47.2778323519563
"406",47,"Tennessee",2008,5468,11.4267429689469,43.556368814085
"407",47,"Tennessee",2009,5684,9.76409767808664,39.4216596423642
"408",47,"Tennessee",2010,5634,10.8207127310198,43.9710337495238
"409",47,"Tennessee",2011,5596,9.95233741243726,43.231119377158
"410",48,"Texas",2002,12575,8.50473056092319,41.9551966071083
"411",48,"Texas",2003,12898,8.44834584635133,42.9560931072778
"412",48,"Texas",2004,12789,8.57672373771793,40.6974810027667
"413",48,"Texas",2005,13144,9.06088123803364,43.4151112053483
"414",48,"Texas",2006,12926,8.55194532565481,43.7452773451882
"415",48,"Texas",2007,13257,8.84793502095551,40.4825547026729
"416",48,"Texas",2008,13448,8.4418410069347,41.7576858780052
"417",48,"Texas",2009,12931,8.12021160343163,40.2927246537509
"418",48,"Texas",2010,13056,7.92652051902107,40.5797814626974
"419",48,"Texas",2011,12853,8.39799565726082,44.2137249264444
"420",49,"Utah",2002,486,8.51872424310944,47.3041115127223
"421",49,"Utah",2003,546,7.2879982513607,47.7798038855351
"422",49,"Utah",2004,511,9.28073970358865,46.306151439445
"423",49,"Utah",2005,561,8.31530842261628,47.1855217395396
"424",49,"Utah",2006,572,7.49734510445837,46.9296026857236
"425",49,"Utah",2007,551,6.76304818210578,47.0539357507024
"426",49,"Utah",2008,513,6.92614457307675,46.1481865577303
"427",49,"Utah",2009,627,7.70455604677519,44.4729032632465
"428",49,"Utah",2010,583,6.94831870197062,46.505711830974
"429",49,"Utah",2011,659,6.50735039969439,46.7845049459343
"430",50,"Vermont",2002,391,9.32796037119693,39.8675824098204
"431",50,"Vermont",2003,463,8.7682719074863,39.7548078773819
"432",50,"Vermont",2004,441,8.54833536512064,37.7737550194375
"433",50,"Vermont",2005,478,9.29201378599425,39.1160222018366
"434",50,"Vermont",2006,570,8.07102414244863,36.8511805799594
"435",50,"Vermont",2007,522,8.30727314966683,38.9264883171662
"436",50,"Vermont",2008,497,8.27069756831422,38.0599543158531
"437",50,"Vermont",2009,532,7.6695643238566,36.1489063836155
"438",50,"Vermont",2010,546,7.23447180361705,37.7538057161502
"439",50,"Vermont",2011,528,7.70995536799166,36.7120844317641
"440",51,"Virginia",2002,4414,12.1086731702415,44.8008245232115
"441",51,"Virginia",2003,5014,11.9567877747175,41.5755091262274
"442",51,"Virginia",2004,5086,12.1399542140927,40.2968103268998
"443",51,"Virginia",2005,5227,12.4685319338078,42.5885223059047
"444",51,"Virginia",2006,5156,12.0407962225982,42.9157859185598
"445",51,"Virginia",2007,5080,12.3252586837668,44.6315409305851
"446",51,"Virginia",2008,5355,10.9394639327032,42.4957510222995
"447",51,"Virginia",2009,5447,9.20054136068249,38.9155082418286
"448",51,"Virginia",2010,5282,9.74385653510267,43.9320143590925
"449",51,"Virginia",2011,5180,9.03490393315801,42.2366275748274
"450",53,"Washington",2002,3900,8.7413737061442,32.4652896074532
"451",53,"Washington",2003,4070,8.06987267385218,35.7238668488244
"452",53,"Washington",2004,4053,8.80553061346195,33.1271841218541
"453",53,"Washington",2005,4128,8.72346577657235,33.1786197486582
"454",53,"Washington",2006,4179,8.54260521991995,35.1821799982609
"455",53,"Washington",2007,3974,7.17867498278465,34.3371309441442
"456",53,"Washington",2008,4218,7.27243593394492,34.1738413176992
"457",53,"Washington",2009,4344,8.05947038479485,34.8134489206735
"458",53,"Washington",2010,4432,6.41316196172049,33.1877760084494
"459",53,"Washington",2011,4320,6.61810317529257,33.2764308553129
"460",54,"West Virginia",2002,1996,12.5781630782844,43.5392283469041
"461",54,"West Virginia",2003,1908,11.7897084766207,41.1905752939535
"462",54,"West Virginia",2004,1985,12.1578171528171,38.9805337149912
"463",54,"West Virginia",2005,2132,12.9018568238778,41.8517417670425
"464",54,"West Virginia",2006,2100,12.2250380464351,41.6789267688061
"465",54,"West Virginia",2007,2034,13.5129191807019,44.1891578145856
"466",54,"West Virginia",2008,2140,11.6374827974478,41.7677817796051
"467",54,"West Virginia",2009,2048,10.4507609711912,39.0470714655943
"468",54,"West Virginia",2010,1953,11.0299286202476,43.193643392122
"469",54,"West Virginia",2011,2045,9.85934352972435,40.9514826356635
"470",55,"Wisconsin",2002,3555,9.89578358801086,37.6547945209747
"471",55,"Wisconsin",2003,3659,9.97494323636299,39.3212550845695
"472",55,"Wisconsin",2004,3695,9.5093199496458,36.459906575603
"473",55,"Wisconsin",2005,3710,10.3121846252262,39.4547769054105
"474",55,"Wisconsin",2006,3832,9.74383575836417,37.2669330657758
"475",55,"Wisconsin",2007,3818,10.4355956581247,38.5254421363777
"476",55,"Wisconsin",2008,3944,10.2616116125689,37.3938281212284
"477",55,"Wisconsin",2009,3848,9.63169299678846,35.4128572077926
"478",55,"Wisconsin",2010,4082,8.87246876063289,37.830711313817
"479",55,"Wisconsin",2011,4129,8.99389214837148,37.4564313359278
"480",56,"Wyoming",2002,259,6.46784428430531,43.1454544608787
"481",56,"Wyoming",2003,295,6.73436445308951,43.7745826221293
"482",56,"Wyoming",2004,276,6.64815906460303,42.1742557325741
"483",56,"Wyoming",2005,291,6.29820184635641,43.8655798361814
"484",56,"Wyoming",2006,272,6.3891181447981,44.4933590819458
"485",56,"Wyoming",2007,272,6.00413768622947,45.1744265801813
"486",56,"Wyoming",2008,301,6.16045839916166,45.3725958463496
"487",56,"Wyoming",2009,306,6.2774698065797,42.8660184887384
"488",56,"Wyoming",2010,304,5.9715825598683,44.9411378366312
"489",56,"Wyoming",2011,285,5.9327407704679,45.517654202658
